[
  {
    "q": "2 × 2",
    "a": "4"
  },
  {
    "q": "2 × 3",
    "a": "6"
  },
  {
    "q": "2 × 4",
    "a": "8"
  },
  {
    "q": "2 × 5",
    "a": "10"
  },
  {
    "q": "2 × 6",
    "a": "12"
  },
  {
    "q": "2 × 7",
    "a": "14"
  },
  {
    "q": "2 × 8",
    "a": "16"
  },
  {
    "q": "2 × 9",
    "a": "18"
  },
  {
    "q": "2 × 10",
    "a": "20"
  },
  {
    "q": "2 × 11",
    "a": "22"
  },
  {
    "q": "2 × 12",
    "a": "24"
  },
  {
    "q": "3 × 2",
    "a": "6"
  },
  {
    "q": "3 × 3",
    "a": "9"
  },
  {
    "q": "3 × 4",
    "a": "12"
  },
  {
    "q": "3 × 5",
    "a": "15"
  },
  {
    "q": "3 × 6",
    "a": "18"
  },
  {
    "q": "3 × 7",
    "a": "21"
  },
  {
    "q": "3 × 8",
    "a": "24"
  },
  {
    "q": "3 × 9",
    "a": "27"
  },
  {
    "q": "3 × 10",
    "a": "30"
  },
  {
    "q": "3 × 11",
    "a": "33"
  },
  {
    "q": "3 × 12",
    "a": "36"
  },
  {
    "q": "4 × 2",
    "a": "8"
  },
  {
    "q": "4 × 3",
    "a": "12"
  },
  {
    "q": "4 × 4",
    "a": "16"
  },
  {
    "q": "4 × 5",
    "a": "20"
  },
  {
    "q": "4 × 6",
    "a": "24"
  },
  {
    "q": "4 × 7",
    "a": "28"
  },
  {
    "q": "4 × 8",
    "a": "32"
  },
  {
    "q": "4 × 9",
    "a": "36"
  },
  {
    "q": "4 × 10",
    "a": "40"
  },
  {
    "q": "4 × 11",
    "a": "44"
  },
  {
    "q": "4 × 12",
    "a": "48"
  },
  {
    "q": "5 × 2",
    "a": "10"
  },
  {
    "q": "5 × 3",
    "a": "15"
  },
  {
    "q": "5 × 4",
    "a": "20"
  },
  {
    "q": "5 × 5",
    "a": "25"
  },
  {
    "q": "5 × 6",
    "a": "30"
  },
  {
    "q": "5 × 7",
    "a": "35"
  },
  {
    "q": "5 × 8",
    "a": "40"
  },
  {
    "q": "5 × 9",
    "a": "45"
  },
  {
    "q": "5 × 10",
    "a": "50"
  },
  {
    "q": "5 × 11",
    "a": "55"
  },
  {
    "q": "5 × 12",
    "a": "60"
  },
  {
    "q": "6 × 2",
    "a": "12"
  },
  {
    "q": "6 × 3",
    "a": "18"
  },
  {
    "q": "6 × 4",
    "a": "24"
  },
  {
    "q": "6 × 5",
    "a": "30"
  },
  {
    "q": "6 × 6",
    "a": "36"
  },
  {
    "q": "6 × 7",
    "a": "42"
  },
  {
    "q": "6 × 8",
    "a": "48"
  },
  {
    "q": "6 × 9",
    "a": "54"
  },
  {
    "q": "6 × 10",
    "a": "60"
  },
  {
    "q": "6 × 11",
    "a": "66"
  },
  {
    "q": "6 × 12",
    "a": "72"
  },
  {
    "q": "7 × 2",
    "a": "14"
  },
  {
    "q": "7 × 3",
    "a": "21"
  },
  {
    "q": "7 × 4",
    "a": "28"
  },
  {
    "q": "7 × 5",
    "a": "35"
  },
  {
    "q": "7 × 6",
    "a": "42"
  },
  {
    "q": "7 × 7",
    "a": "49"
  },
  {
    "q": "7 × 8",
    "a": "56"
  },
  {
    "q": "7 × 9",
    "a": "63"
  },
  {
    "q": "7 × 10",
    "a": "70"
  },
  {
    "q": "7 × 11",
    "a": "77"
  },
  {
    "q": "7 × 12",
    "a": "84"
  },
  {
    "q": "8 × 2",
    "a": "16"
  },
  {
    "q": "8 × 3",
    "a": "24"
  },
  {
    "q": "8 × 4",
    "a": "32"
  },
  {
    "q": "8 × 5",
    "a": "40"
  },
  {
    "q": "8 × 6",
    "a": "48"
  },
  {
    "q": "8 × 7",
    "a": "56"
  },
  {
    "q": "8 × 8",
    "a": "64"
  },
  {
    "q": "8 × 9",
    "a": "72"
  },
  {
    "q": "8 × 10",
    "a": "80"
  },
  {
    "q": "8 × 11",
    "a": "88"
  },
  {
    "q": "8 × 12",
    "a": "96"
  },
  {
    "q": "9 × 2",
    "a": "18"
  },
  {
    "q": "9 × 3",
    "a": "27"
  },
  {
    "q": "9 × 4",
    "a": "36"
  },
  {
    "q": "9 × 5",
    "a": "45"
  },
  {
    "q": "9 × 6",
    "a": "54"
  },
  {
    "q": "9 × 7",
    "a": "63"
  },
  {
    "q": "9 × 8",
    "a": "72"
  },
  {
    "q": "9 × 9",
    "a": "81"
  },
  {
    "q": "9 × 10",
    "a": "90"
  },
  {
    "q": "9 × 11",
    "a": "99"
  },
  {
    "q": "9 × 12",
    "a": "108"
  },
  {
    "q": "10 × 2",
    "a": "20"
  },
  {
    "q": "10 × 3",
    "a": "30"
  },
  {
    "q": "10 × 4",
    "a": "40"
  },
  {
    "q": "10 × 5",
    "a": "50"
  },
  {
    "q": "10 × 6",
    "a": "60"
  },
  {
    "q": "10 × 7",
    "a": "70"
  },
  {
    "q": "10 × 8",
    "a": "80"
  },
  {
    "q": "10 × 9",
    "a": "90"
  },
  {
    "q": "10 × 10",
    "a": "100"
  },
  {
    "q": "10 × 11",
    "a": "110"
  },
  {
    "q": "10 × 12",
    "a": "120"
  },
  {
    "q": "11 × 2",
    "a": "22"
  },
  {
    "q": "11 × 3",
    "a": "33"
  },
  {
    "q": "11 × 4",
    "a": "44"
  },
  {
    "q": "11 × 5",
    "a": "55"
  },
  {
    "q": "11 × 6",
    "a": "66"
  },
  {
    "q": "11 × 7",
    "a": "77"
  },
  {
    "q": "11 × 8",
    "a": "88"
  },
  {
    "q": "11 × 9",
    "a": "99"
  },
  {
    "q": "11 × 10",
    "a": "110"
  },
  {
    "q": "11 × 11",
    "a": "121"
  },
  {
    "q": "11 × 12",
    "a": "132"
  },
  {
    "q": "12 × 2",
    "a": "24"
  },
  {
    "q": "12 × 3",
    "a": "36"
  },
  {
    "q": "12 × 4",
    "a": "48"
  },
  {
    "q": "12 × 5",
    "a": "60"
  },
  {
    "q": "12 × 6",
    "a": "72"
  },
  {
    "q": "12 × 7",
    "a": "84"
  },
  {
    "q": "12 × 8",
    "a": "96"
  },
  {
    "q": "12 × 9",
    "a": "108"
  },
  {
    "q": "12 × 10",
    "a": "120"
  },
  {
    "q": "12 × 11",
    "a": "132"
  },
  {
    "q": "12 × 12",
    "a": "144"
  }
]